{"cameraMode":{"drawMode":0,"name":"Shaded","section":"Shading Mode"},"sceneLighting":true,"audioPlay":false,"sceneViewState":{"m_AlwaysRefresh":false,"showFog":true,"showSkybox":true,"showFlares":true,"showImageEffects":true,"showParticleSystems":true,"showVisualEffectGraphs":true,"m_FxEnabled":true},"in2DMode":false,"pivot":{"x":77.95957946777344,"y":9.262675285339356,"z":-199.1335906982422},"rotation":{"x":-0.0007711873040534556,"y":0.9872483611106873,"z":0.004737878683954477,"w":0.15922310948371888},"size":83.5958251953125,"orthographic":false}