{"cameraMode":{"drawMode":0,"name":"Shaded","section":"Shading Mode"},"sceneLighting":true,"audioPlay":false,"sceneViewState":{"m_AlwaysRefresh":false,"showFog":true,"showSkybox":true,"showFlares":true,"showImageEffects":true,"showParticleSystems":true,"showVisualEffectGraphs":true,"m_FxEnabled":true},"in2DMode":false,"pivot":{"x":25.913623809814454,"y":69.99027252197266,"z":-130.10690307617188},"rotation":{"x":0.3948279023170471,"y":0.008268624544143677,"z":-0.003553537419065833,"w":0.9187120199203491},"size":74.04023742675781,"orthographic":false}