{"cameraMode":{"drawMode":0,"name":"Shaded","section":"Shading Mode"},"sceneLighting":true,"audioPlay":false,"sceneViewState":{"m_AlwaysRefresh":false,"showFog":true,"showSkybox":true,"showFlares":true,"showImageEffects":true,"showParticleSystems":true,"showVisualEffectGraphs":true,"m_FxEnabled":true},"in2DMode":false,"pivot":{"x":2.835533618927002,"y":5.479419231414795,"z":56.852935791015628},"rotation":{"x":0.059970106929540637,"y":-0.013871661387383938,"z":0.0005816529155708849,"w":0.9982985258102417},"size":27.518657684326173,"orthographic":false}